.jpg,5608
.php,2476
.png,746
.js,666
.css,307
.svg,284
.json,193
.md,136
.mo,78
.woff2,63
.html,52
.txt,48
.less,47
.webp,46
.po,43
,28
.gif,24
.eot,21
.ttf,21
.woff,21
.xml,12
.jpg~20251001145720~,9
.jpg~20251001145701~,8
.jpg~20251001145703~,8
.jpg~20251001145705~,8
.jpg~20251001145717~,8
.jpg~20251001145718~,8
.jpg~20251001145722~,8
.jpg~20251001145735~,8
.jpg~20251001145737~,8
.jpg~20251001145739~,8
.jpg~20251001145740~,8
.jpg~20251001145743~,8
.jpg~20251001145749~,8
.jpg~20251001145752~,8
.jpg~20251001145753~,8
.jpg~20251001145756~,8
.jpg~20251001145758~,8
.jpg~20251001145800~,8
.jpg~20251001145806~,8
.jpg~20251001145827~,8
.jpg~20251001145832~,8
.jpg~20251001145834~,8
.jpg~20251001145841~,8
.jpg~20251001145849~,8
.jpg~20251001145903~,8
.jpg~20251001145906~,8
.jpg~20251001145909~,8
.jpg~20251001145912~,8
.jpg~20251001145923~,8
.jpg~20251001145925~,8
.jpg~20251001145927~,8
.jpg~20251001145939~,8
.jpg~20251001145941~,8
.jpg~20251001145947~,8
.jpg~20251001145949~,8
.jpg~20251001145951~,8
.jpg~20251001145953~,8
.jpg~20251001145956~,8
.jpg~20251001145958~,8
.jpg~20251001150001~,8
.jpg~20251001145702~,7
.jpg~20251001145706~,7
.jpg~20251001145713~,7
.jpg~20251001145714~,7
.jpg~20251001145715~,7
.jpg~20251001145716~,7
.jpg~20251001145721~,7
.jpg~20251001145733~,7
.jpg~20251001145734~,7
.jpg~20251001145744~,7
.jpg~20251001145745~,7
.jpg~20251001145746~,7
.jpg~20251001145747~,7
.jpg~20251001145751~,7
.jpg~20251001145802~,7
.jpg~20251001145803~,7
.jpg~20251001145804~,7
.jpg~20251001145826~,7
.jpg~20251001145828~,7
.jpg~20251001145830~,7
.jpg~20251001145836~,7
.jpg~20251001145839~,7
.jpg~20251001145840~,7
.jpg~20251001145842~,7
.jpg~20251001145843~,7
.jpg~20251001145846~,7
.jpg~20251001145847~,7
.jpg~20251001145850~,7
.jpg~20251001145851~,7
.jpg~20251001145852~,7
.jpg~20251001145853~,7
.jpg~20251001145855~,7
.jpg~20251001145856~,7
.jpg~20251001145859~,7
.jpg~20251001145904~,7
.jpg~20251001145905~,7
.jpg~20251001145907~,7
.jpg~20251001145908~,7
.jpg~20251001145910~,7
.jpg~20251001145911~,7
.jpg~20251001145914~,7
.jpg~20251001145916~,7
.jpg~20251001145930~,7
.jpg~20251001145932~,7
.jpg~20251001145936~,7
.jpg~20251001145938~,7
.jpg~20251001145944~,7
.jpg~20251001145945~,7
.jpg~20251001145946~,7
.jpg~20251001145952~,7
.jpg~20251001145954~,7
.jpg~20251001145959~,7
.jpg~20251001150000~,7
.jpg~20251001150002~,7
.jpg~20251001150003~,7
.jpg~20251001150006~,7
.log,7
.jpg~20251001145658~,6
.jpg~20251001145659~,6
.jpg~20251001145700~,6
.jpg~20251001145707~,6
.jpg~20251001145708~,6
.jpg~20251001145719~,6
.jpg~20251001145724~,6
.jpg~20251001145725~,6
.jpg~20251001145726~,6
.jpg~20251001145730~,6
.jpg~20251001145731~,6
.jpg~20251001145732~,6
.jpg~20251001145736~,6
.jpg~20251001145738~,6
.jpg~20251001145741~,6
.jpg~20251001145742~,6
.jpg~20251001145748~,6
.jpg~20251001145750~,6
.jpg~20251001145754~,6
.jpg~20251001145755~,6
.jpg~20251001145757~,6
.jpg~20251001145759~,6
.jpg~20251001145801~,6
.jpg~20251001145805~,6
.jpg~20251001145807~,6
.jpg~20251001145808~,6
.jpg~20251001145825~,6
.jpg~20251001145831~,6
.jpg~20251001145833~,6
.jpg~20251001145835~,6
.jpg~20251001145844~,6
.jpg~20251001145845~,6
.jpg~20251001145848~,6
.jpg~20251001145854~,6
.jpg~20251001145857~,6
.jpg~20251001145858~,6
.jpg~20251001145900~,6
.jpg~20251001145901~,6
.jpg~20251001145902~,6
.jpg~20251001145913~,6
.jpg~20251001145917~,6
.jpg~20251001145924~,6
.jpg~20251001145926~,6
.jpg~20251001145928~,6
.jpg~20251001145929~,6
.jpg~20251001145931~,6
.jpg~20251001145933~,6
.jpg~20251001145934~,6
.jpg~20251001145937~,6
.jpg~20251001145940~,6
.jpg~20251001145942~,6
.jpg~20251001145943~,6
.jpg~20251001145948~,6
.jpg~20251001145950~,6
.jpg~20251001145957~,6
.jpg~20251001150005~,6
.pot,6
.jpg~20251001145704~,5
.jpg~20251001145723~,5
.jpg~20251001145729~,5
.jpg~20251001145811~,5
.jpg~20251001145812~,5
.jpg~20251001145814~,5
.jpg~20251001145821~,5
.jpg~20251001145829~,5
.jpg~20251001145837~,5
.jpg~20251001145838~,5
.jpg~20251001145935~,5
.jpg~20251001145955~,5
.jpg~20251001150004~,5
.sh,5
.jpg~20251001145444~,4
.jpg~20251001145446~,4
.jpg~20251001145503~,4
.jpg~20251001145506~,4
.jpg~20251001145514~,4
.jpg~20251001145518~,4
.jpg~20251001145535~,4
.jpg~20251001145540~,4
.jpg~20251001145601~,4
.jpg~20251001145603~,4
.jpg~20251001145605~,4
.jpg~20251001145607~,4
.jpg~20251001145651~,4
.jpg~20251001145652~,4
.jpg~20251001145655~,4
.jpg~20251001145657~,4
.jpg~20251001145727~,4
.jpg~20251001145728~,4
.jpg~20251001145809~,4
.jpg~20251001145815~,4
.jpg~20251001145822~,4
.jpg~20251001145919~,4
.jpg~20251001150007~,4
.md~20251001145605~,4
.md~20251001145606~,4
.md~20251001145607~,4
.dist,3
.jpg~20251001145414~,3
.jpg~20251001145422~,3
.jpg~20251001145433~,3
.jpg~20251001145434~,3
.jpg~20251001145436~,3
.jpg~20251001145437~,3
.jpg~20251001145439~,3
.jpg~20251001145440~,3
.jpg~20251001145441~,3
.jpg~20251001145442~,3
.jpg~20251001145443~,3
.jpg~20251001145447~,3
.jpg~20251001145448~,3
.jpg~20251001145449~,3
.jpg~20251001145450~,3
.jpg~20251001145455~,3
.jpg~20251001145456~,3
.jpg~20251001145457~,3
.jpg~20251001145458~,3
.jpg~20251001145459~,3
.jpg~20251001145500~,3
.jpg~20251001145501~,3
.jpg~20251001145502~,3
.jpg~20251001145504~,3
.jpg~20251001145505~,3
.jpg~20251001145507~,3
.jpg~20251001145508~,3
.jpg~20251001145509~,3
.jpg~20251001145510~,3
.jpg~20251001145511~,3
.jpg~20251001145512~,3
.jpg~20251001145513~,3
.jpg~20251001145521~,3
.jpg~20251001145528~,3
.jpg~20251001145533~,3
.jpg~20251001145534~,3
.jpg~20251001145536~,3
.jpg~20251001145537~,3
.jpg~20251001145541~,3
.jpg~20251001145543~,3
.jpg~20251001145544~,3
.jpg~20251001145545~,3
.jpg~20251001145546~,3
.jpg~20251001145548~,3
.jpg~20251001145549~,3
.jpg~20251001145550~,3
.jpg~20251001145552~,3
.jpg~20251001145556~,3
.jpg~20251001145559~,3
.jpg~20251001145600~,3
.jpg~20251001145602~,3
.jpg~20251001145604~,3
.jpg~20251001145606~,3
.jpg~20251001145611~,3
.jpg~20251001145613~,3
.jpg~20251001145618~,3
.jpg~20251001145620~,3
.jpg~20251001145623~,3
.jpg~20251001145624~,3
.jpg~20251001145629~,3
.jpg~20251001145649~,3
.jpg~20251001145650~,3
.jpg~20251001145654~,3
.jpg~20251001145656~,3
.jpg~20251001145711~,3
.jpg~20251001145813~,3
.jpg~20251001145823~,3
.jpg~20251001145915~,3
.jpg~20251001145920~,3
.md~20251001145608~,3
.md~20251001145609~,3
.md~20251001145612~,3
.md~20251001145633~,3
.php~20251001145557~,3
.png~20251001145358~,3
.png~20251001145359~,3
.png~20251001145403~,3
.png~20251001145404~,3
.png~20251001145406~,3
.png~20251001145524~,3
.png~20251001150004~,3
.jpg~20251001145412~,2
.jpg~20251001145416~,2
.jpg~20251001145418~,2
.jpg~20251001145428~,2
.jpg~20251001145429~,2
.jpg~20251001145432~,2
.jpg~20251001145435~,2
.jpg~20251001145445~,2
.jpg~20251001145452~,2
.jpg~20251001145519~,2
.jpg~20251001145529~,2
.jpg~20251001145538~,2
.jpg~20251001145539~,2
.jpg~20251001145542~,2
.jpg~20251001145547~,2
.jpg~20251001145551~,2
.jpg~20251001145554~,2
.jpg~20251001145555~,2
.jpg~20251001145557~,2
.jpg~20251001145558~,2
.jpg~20251001145608~,2
.jpg~20251001145610~,2
.jpg~20251001145612~,2
.jpg~20251001145614~,2
.jpg~20251001145617~,2
.jpg~20251001145619~,2
.jpg~20251001145621~,2
.jpg~20251001145622~,2
.jpg~20251001145625~,2
.jpg~20251001145626~,2
.jpg~20251001145628~,2
.jpg~20251001145653~,2
.jpg~20251001145810~,2
.jpg~20251001145819~,2
.jpg~20251001145921~,2
.jpg~20251001145922~,2
.md~20251001145604~,2
.md~20251001145614~,2
.md~20251001145619~,2
.md~20251001145630~,2
.neon,2
.png~20251001145352~,2
.png~20251001145354~,2
.png~20251001145355~,2
.png~20251001145356~,2
.png~20251001145357~,2
.png~20251001145400~,2
.png~20251001145401~,2
.png~20251001145402~,2
.png~20251001145405~,2
.png~20251001145408~,2
.png~20251001145409~,2
.png~20251001145525~,2
.yml,2
.bak,1
.cnf,1
.combine,1
.css~20251001145634~,1
.example,1
.jpg~20251001145415~,1
.jpg~20251001145417~,1
.jpg~20251001145419~,1
.jpg~20251001145421~,1
.jpg~20251001145423~,1
.jpg~20251001145426~,1
.jpg~20251001145427~,1
.jpg~20251001145431~,1
.jpg~20251001145438~,1
.jpg~20251001145451~,1
.jpg~20251001145453~,1
.jpg~20251001145454~,1
.jpg~20251001145515~,1
.jpg~20251001145517~,1
.jpg~20251001145520~,1
.jpg~20251001145522~,1
.jpg~20251001145523~,1
.jpg~20251001145527~,1
.jpg~20251001145553~,1
.jpg~20251001145609~,1
.jpg~20251001145616~,1
.jpg~20251001145712~,1
.jpg~20251001145816~,1
.jpg~20251001145818~,1
.json~20251001145558~,1
.lock,1
.lock~20251001145559~,1
.markdown,1
.md~20251001145558~,1
.md~20251001145615~,1
.md~20251001145618~,1
.md~20251001145622~,1
.md~20251001145624~,1
.md~20251001145625~,1
.md~20251001145628~,1
.md~20251001145631~,1
.md~20251001145632~,1
.otf,1
.php~20251001145559~,1
.pid,1
.png~20251001145353~,1
.png~20251001145407~,1
.png~20251001145523~,1
.png~20251001145526~,1
.rst,1
.scss,1
.sql,1
.xsl,1
.yml~20251001145559~,1
